<?xml version="1.0" encoding="utf-8"?>
<Symbols>

  <!-- 數學符號 -->
  <symbol text="+"    code="2C"     type="Math" Description="加號" />
  <symbol text="-"    code="24"     type="Math" Description="減號" />
  <symbol text="*"    code="0821"   type="Math" Description="乘號" />
  <symbol text="/"    code="280C"   type="Math" Description="除號" />
  <symbol text="^"    code="18"     type="Math" Description="次方" />
  <symbol text="."    code="28"     type="Math" Description="小數點" />
  <symbol text=":"    code="1002"   type="Math" Description="幾比幾" />
  <!-- 下面的乘號和除號必須用記事本才能正確顯示 -->  
  <symbol text="×"    code="0821"   type="Math" Description="乘號" />  
  <symbol text="÷"    code="280C"   type="Math" Description="除號" />  
  <symbol text="="    code="2805"   type="Math" Description="等於" />
  <symbol text=","    code="20"     type="Math" Description="數學逗號" />
</Symbols>