<?xml version="1.0" encoding="utf-8"?>
<Symbols>

  <!-- 表格符號 -->
  <symbol text="┌"   code="36"     type="Table"  Description="左上角" />
  <symbol text="└"   code="1B"     type="Table"  Description="左下角" />  
  <symbol text="┐"   code="36"     type="Table"  Description="右上角" />
  <symbol text="┘"   code="1B"     type="Table"  Description="右下角" />
  <symbol text="─"   code="12"     type="Table"  Description="中橫線" />
  <symbol text="‾"   code="36"     type="Table"  Description="上橫線" />
  <symbol text="ˍ"   code="1B"     type="Table"  Description="下橫線" />
  <symbol text="│"   code="07"     type="Table"  Description="左直線" />
  <symbol text="∣"   code="38"     type="Table"  Description="右直線（注意跟左直線是不同字元）" />
  <symbol text="├"   code="17"     type="Table"  Description="左中 T 字" />
  <symbol text="┤"   code="3A"     type="Table"  Description="右中 T 字" />
  <symbol text="┴"   code="1B"     type="Table"  Description="下 T" />
  <symbol text="┬"   code="36"     type="Table"  Description="上 T" />
  <symbol text="┼"   code="3A"     type="Table"  Description="交叉線" />
</Symbols>